<?xml version="1.0" encoding="utf-8"?>
<Module version="1">
    <Name>Michalk12UserDefinedModule</Name>
    <Company></Company>
    <Version>0.0.0</Version>
    <MinUpgradableVersion>0.0.0</MinUpgradableVersion>
    <Binding name="Net" />

    <Namespaces/>

    <Dependencies>
        <Core version="0.0.0" />
        <Binding version="0.0.0" />
        <Module name="FTOptix.HMIProject.Net" version="0.0.0" />
    </Dependencies>

    <Nodes/>

    <TypeMappings>
        <TypeMapping>
            <TargetType>
                <NodeId namespaceUri="Michalk12" guid="9fcdc2a0b607a8075a6596bd2b4904a5" />
            </TargetType>
        </TypeMapping>
        <TypeMapping>
            <TargetType>
                <NodeId namespaceUri="Michalk12" guid="db976c5ca5a4a8a852be018df9e60837" />
            </TargetType>
        </TypeMapping>
        <TypeMapping>
            <TargetType>
                <NodeId namespaceUri="Michalk12" guid="3de32eb29cd771a534a356b25d33e37a" />
            </TargetType>
        </TypeMapping>
        <TypeMapping>
            <TargetType>
                <NodeId namespaceUri="Michalk12" guid="20686e21976e5cc2d739fde4d2d52df2" />
            </TargetType>
        </TypeMapping>
        <TypeMapping>
            <TargetType>
                <NodeId namespaceUri="Michalk12" guid="c95c72899bbc5d9071c807e5d918a397" />
            </TargetType>
        </TypeMapping>
        <TypeMapping>
            <TargetType>
                <NodeId namespaceUri="Michalk12" guid="d8d9e8c22d51ecfc87e628ea60097815" />
            </TargetType>
        </TypeMapping>
        <TypeMapping>
            <TargetType>
                <NodeId namespaceUri="Michalk12" guid="e13082cb1e10fbb1bbc6956194ce8bed" />
            </TargetType>
        </TypeMapping>
        <TypeMapping>
            <TargetType>
                <NodeId namespaceUri="Michalk12" guid="c1a9e1d1133ceb8ed041b0ac3bc8f51e" />
            </TargetType>
        </TypeMapping>
        <TypeMapping>
            <TargetType>
                <NodeId namespaceUri="Michalk12" guid="c5472e5a85105359bf9cfe2e3d1cf79d" />
            </TargetType>
        </TypeMapping>
        <TypeMapping>
            <TargetType>
                <NodeId namespaceUri="Michalk12" guid="5e2468cfd4b06bcc958342f67991da15" />
            </TargetType>
        </TypeMapping>
        <TypeMapping>
            <TargetType>
                <NodeId namespaceUri="Michalk12" guid="c1e1b90b22e2e79ff87cc358476b2ab5" />
            </TargetType>
        </TypeMapping>
        <TypeMapping>
            <TargetType>
                <NodeId namespaceUri="Michalk12" guid="a8fcc1e766c11359c5bdfef064efc0d4" />
            </TargetType>
        </TypeMapping>
        <TypeMapping>
            <TargetType>
                <NodeId namespaceUri="Michalk12" guid="afad0e669a5b539fb6296335c106c43c" />
            </TargetType>
        </TypeMapping>
    </TypeMappings>
</Module>
