<?xml version="1.0" encoding="utf-8"?>
<Module version="1">
    <Name>Michalk15UserDefinedModule</Name>
    <Company></Company>
    <Version>0.0.0</Version>
    <MinUpgradableVersion>0.0.0</MinUpgradableVersion>
    <Binding name="Net" />

    <Namespaces/>

    <Dependencies>
        <Core version="0.0.0" />
        <Binding version="0.0.0" />
        <Module name="FTOptix.HMIProject.Net" version="0.0.0" />
    </Dependencies>

    <Nodes/>

    <TypeMappings>
        <TypeMapping>
            <TargetType>
                <NodeId namespaceUri="Michalk15" guid="9fcdc2a0b607a8075a6596bd2b4904a5" />
            </TargetType>
        </TypeMapping>
        <TypeMapping>
            <TargetType>
                <NodeId namespaceUri="Michalk15" guid="db976c5ca5a4a8a852be018df9e60837" />
            </TargetType>
        </TypeMapping>
        <TypeMapping>
            <TargetType>
                <NodeId namespaceUri="Michalk15" guid="5bd1738d3f60d47ba30b9df411fa0050" />
            </TargetType>
        </TypeMapping>
        <TypeMapping>
            <TargetType>
                <NodeId namespaceUri="Michalk15" guid="3de32eb29cd771a534a356b25d33e37a" />
            </TargetType>
        </TypeMapping>
        <TypeMapping>
            <TargetType>
                <NodeId namespaceUri="Michalk15" guid="20686e21976e5cc2d739fde4d2d52df2" />
            </TargetType>
        </TypeMapping>
        <TypeMapping>
            <TargetType>
                <NodeId namespaceUri="Michalk15" guid="c95c72899bbc5d9071c807e5d918a397" />
            </TargetType>
        </TypeMapping>
        <TypeMapping>
            <TargetType>
                <NodeId namespaceUri="Michalk15" guid="ce814fddddd607c776a3b9a6e0b90c27" />
            </TargetType>
        </TypeMapping>
        <TypeMapping>
            <TargetType>
                <NodeId namespaceUri="Michalk15" guid="d8d9e8c22d51ecfc87e628ea60097815" />
            </TargetType>
        </TypeMapping>
        <TypeMapping>
            <TargetType>
                <NodeId namespaceUri="Michalk15" guid="e13082cb1e10fbb1bbc6956194ce8bed" />
            </TargetType>
        </TypeMapping>
        <TypeMapping>
            <TargetType>
                <NodeId namespaceUri="Michalk15" guid="c1a9e1d1133ceb8ed041b0ac3bc8f51e" />
            </TargetType>
        </TypeMapping>
        <TypeMapping>
            <TargetType>
                <NodeId namespaceUri="Michalk15" guid="62cba38d109d35f4d350d4da01c85917" />
            </TargetType>
        </TypeMapping>
        <TypeMapping>
            <TargetType>
                <NodeId namespaceUri="Michalk15" guid="c5472e5a85105359bf9cfe2e3d1cf79d" />
            </TargetType>
        </TypeMapping>
        <TypeMapping>
            <TargetType>
                <NodeId namespaceUri="Michalk15" guid="5e2468cfd4b06bcc958342f67991da15" />
            </TargetType>
        </TypeMapping>
        <TypeMapping>
            <TargetType>
                <NodeId namespaceUri="Michalk15" guid="c1e1b90b22e2e79ff87cc358476b2ab5" />
            </TargetType>
        </TypeMapping>
        <TypeMapping>
            <TargetType>
                <NodeId namespaceUri="Michalk15" guid="a8fcc1e766c11359c5bdfef064efc0d4" />
            </TargetType>
        </TypeMapping>
        <TypeMapping>
            <TargetType>
                <NodeId namespaceUri="Michalk15" guid="4cb07e3e74437771705717ce0b95a207" />
            </TargetType>
        </TypeMapping>
        <TypeMapping>
            <TargetType>
                <NodeId namespaceUri="Michalk15" guid="aafae88a96cb862a3d9a244021075150" />
            </TargetType>
        </TypeMapping>
        <TypeMapping>
            <TargetType>
                <NodeId namespaceUri="Michalk15" guid="fdec4df0661b496689dfbf9cfcb33ae1" />
            </TargetType>
        </TypeMapping>
        <TypeMapping>
            <TargetType>
                <NodeId namespaceUri="Michalk15" guid="e98f071e78271b043e525124cfadd8f9" />
            </TargetType>
        </TypeMapping>
        <TypeMapping>
            <TargetType>
                <NodeId namespaceUri="Michalk15" guid="d0fba00ff93f064d6e1cb546eea27209" />
            </TargetType>
        </TypeMapping>
        <TypeMapping>
            <TargetType>
                <NodeId namespaceUri="Michalk15" guid="fd52139656c4cab63738095f771343a3" />
            </TargetType>
        </TypeMapping>
        <TypeMapping>
            <TargetType>
                <NodeId namespaceUri="Michalk15" guid="638838acd9f5ae93ca75b058c300b43b" />
            </TargetType>
        </TypeMapping>
        <TypeMapping>
            <TargetType>
                <NodeId namespaceUri="Michalk15" guid="d312f5365c7d886a7a689a7c61bf2412" />
            </TargetType>
        </TypeMapping>
        <TypeMapping>
            <TargetType>
                <NodeId namespaceUri="Michalk15" guid="937bdaeca748212659105fb563595c0b" />
            </TargetType>
        </TypeMapping>
        <TypeMapping>
            <TargetType>
                <NodeId namespaceUri="Michalk15" guid="59f233a86b88133bc07cecf82da51463" />
            </TargetType>
        </TypeMapping>
        <TypeMapping>
            <TargetType>
                <NodeId namespaceUri="Michalk15" guid="76c6b9dc24666b9297ce397d3fb2b9fe" />
            </TargetType>
        </TypeMapping>
        <TypeMapping>
            <TargetType>
                <NodeId namespaceUri="Michalk15" guid="b6239b77b31bba48a937ee481e521c37" />
            </TargetType>
        </TypeMapping>
        <TypeMapping>
            <TargetType>
                <NodeId namespaceUri="Michalk15" guid="afad0e669a5b539fb6296335c106c43c" />
            </TargetType>
        </TypeMapping>
        <TypeMapping>
            <TargetType>
                <NodeId namespaceUri="Michalk15" guid="6271dfbce66bc16e0951100896e83da8" />
            </TargetType>
        </TypeMapping>
        <TypeMapping>
            <TargetType>
                <NodeId namespaceUri="Michalk15" guid="53b1bd1b17b4de66926108a7dfdf143e" />
            </TargetType>
        </TypeMapping>
        <TypeMapping>
            <TargetType>
                <NodeId namespaceUri="Michalk15" guid="2eebfd3def044e747aa57952fc13c70d" />
            </TargetType>
        </TypeMapping>
        <TypeMapping>
            <TargetType>
                <NodeId namespaceUri="Michalk15" guid="fc0d46c3cf6fc6f7faace8fa13bde2b5" />
            </TargetType>
        </TypeMapping>
    </TypeMappings>
</Module>
